Year,Single-Year Age,Deaths,Population,Crude Rate
1999,16,4,4020305,Unreliable
1999,17,4,4031224,Unreliable
1999,18,10,3989843,Unreliable
1999,19,5,4104078,Unreliable
1999,20,14,3925495,Unreliable
1999,21,20,3763401,0.531
1999,22,16,3694190,Unreliable
1999,23,12,3562469,Unreliable
1999,24,13,3645874,Unreliable
1999,25,13,3657407,Unreliable
1999,26,20,3666228,0.546
1999,27,32,3935064,0.813
1999,28,35,4146484,0.844
1999,29,47,4169874,1.127
1999,30,61,4181212,1.459
1999,31,60,3936187,1.524
1999,32,96,4043957,2.374
1999,33,125,4079717,3.064
1999,34,152,4362276,3.484
1999,35,222,4605618,4.82
1999,36,250,4543561,5.502
1999,37,278,4582792,6.066
1999,38,286,4530009,6.313
1999,39,380,4620569,8.224
1999,40,383,4667525,8.206
1999,41,459,4461898,10.287
1999,42,513,4506931,11.382
1999,43,512,4297852,11.913
1999,44,546,4259922,12.817
1999,45,598,4245882,14.084
1999,46,641,3994950,16.045
1999,47,642,3937147,16.306
1999,48,637,3710656,17.167
1999,49,631,3765572,16.757
1999,50,599,3762700,15.919
1999,51,631,3601854,17.519
1999,52,623,3873166,16.085
1999,53,487,2785325,17.484
1999,54,513,2900567,17.686
1999,55,469,2859176,16.403
1999,56,522,2934509,17.788
1999,57,519,2561216,20.264
1999,58,439,2412512,18.197
1999,59,425,2317408,18.339
1999,60,413,2313430,17.852
1999,61,393,2178551,18.04
1999,62,435,2076327,20.95
1999,63,417,2054965,20.292
1999,64,407,2069932,19.662
1999,65,349,1913454,18.239
1999,66,351,1896361,18.509
1999,67,317,1916683,16.539
1999,68,327,1917811,17.051
1999,69,332,1897189,17.5
1999,70,272,1872535,14.526
1999,71,265,1830815,14.474
1999,72,273,1751382,15.588
1999,73,231,1714390,13.474
1999,74,209,1708289,12.234
1999,75,212,1637734,12.945
1999,76,197,1539287,12.798
1999,77,185,1499362,12.339
1999,78,157,1407240,11.157
1999,79,125,1258983,9.929
1999,80,111,1189382,9.333
1999,81,95,1047265,9.071
1999,82,71,972176,7.303
1999,83,69,875092,7.885
1999,84,69,798393,8.642
2000,16,4,3975021,Unreliable
2000,17,5,4046012,Unreliable
2000,18,8,4051598,Unreliable
2000,19,12,4127855,Unreliable
2000,20,8,4049448,Unreliable
2000,21,11,3841082,Unreliable
2000,22,14,3758648,Unreliable
2000,23,10,3673582,Unreliable
2000,24,19,3641241,Unreliable
2000,25,20,3744539,0.534
2000,26,26,3619660,0.718
2000,27,31,3789800,0.818
2000,28,47,3984812,1.179
2000,29,51,4242525,1.202
2000,30,64,4289970,1.492
2000,31,68,4011575,1.695
2000,32,82,3994121,2.053
2000,33,120,4026573,2.98
2000,34,141,4188149,3.367
2000,35,197,4516118,4.362
2000,36,215,4511168,4.766
2000,37,265,4517060,5.867
2000,38,310,4553814,6.807
2000,39,368,4608504,7.985
2000,40,434,4711434,9.212
2000,41,434,4466676,9.716
2000,42,529,4547220,11.633
2000,43,540,4407870,12.251
2000,44,545,4308663,12.649
2000,45,607,4341460,13.981
2000,46,631,4087563,15.437
2000,47,674,4019692,16.767
2000,48,639,3885145,16.447
2000,49,652,3758544,17.347
2000,50,604,3808515,15.859
2000,51,592,3616997,16.367
2000,52,626,3707436,16.885
2000,53,626,3635040,17.221
2000,54,492,2817560,17.462
2000,55,535,2850600,18.768
2000,56,491,2837452,17.304
2000,57,511,2864020,17.842
2000,58,502,2540152,19.763
2000,59,416,2377013,17.501
2000,60,439,2319944,18.923
2000,61,393,2221227,17.693
2000,62,403,2171072,18.562
2000,63,430,2053151,20.943
2000,64,422,2040053,20.686
2000,65,374,2029911,18.424
2000,66,330,1860320,17.739
2000,67,368,1896451,19.405
2000,68,293,1864515,15.715
2000,69,279,1882348,14.822
2000,70,289,1875175,15.412
2000,71,258,1788269,14.427
2000,72,252,1791696,14.065
2000,73,242,1725168,14.028
2000,74,225,1677133,13.416
2000,75,225,1651641,13.623
2000,76,190,1556567,12.206
2000,77,154,1460781,10.542
2000,78,148,1431916,10.336
2000,79,114,1314908,8.67
2000,80,101,1207365,8.365
2000,81,76,1072048,7.089
2000,82,81,981562,8.252
2000,83,73,883063,8.267
2000,84,61,801329,7.612
2001,16,3,4108304,Unreliable
2001,17,4,4028736,Unreliable
2001,18,16,4102851,Unreliable
2001,19,14,4132515,Unreliable
2001,20,10,4156725,Unreliable
2001,21,9,4133311,Unreliable
2001,22,13,3919316,Unreliable
2001,23,15,3798554,Unreliable
2001,24,18,3749380,Unreliable
2001,25,22,3659719,0.601
2001,26,25,3768152,0.663
2001,27,26,3668700,0.709
2001,28,39,3766129,1.036
2001,29,56,3956647,1.415
2001,30,73,4218260,1.731
2001,31,81,4302689,1.883
2001,32,92,4082902,2.253
2001,33,110,4014912,2.74
2001,34,121,4033412,3
2001,35,151,4161140,3.629
2001,36,198,4457678,4.442
2001,37,268,4534648,5.91
2001,38,322,4529329,7.109
2001,39,390,4553123,8.566
2001,40,381,4606601,8.271
2001,41,475,4700471,10.105
2001,42,512,4514435,11.341
2001,43,542,4523433,11.982
2001,44,507,4470894,11.34
2001,45,625,4301955,14.528
2001,46,669,4331582,15.445
2001,47,707,4152347,17.027
2001,48,684,4018921,17.019
2001,49,737,3894178,18.926
2001,50,731,3796146,19.256
2001,51,680,3796980,17.909
2001,52,662,3654405,18.115
2001,53,578,3631014,15.918
2001,54,654,3808740,17.171
2001,55,520,2851092,18.239
2001,56,541,2846838,19.004
2001,57,458,2805407,16.326
2001,58,506,2900132,17.447
2001,59,470,2565506,18.32
2001,60,431,2380300,18.107
2001,61,422,2323707,18.161
2001,62,437,2213270,19.745
2001,63,427,2172024,19.659
2001,64,387,2047019,18.906
2001,65,390,2012270,19.381
2001,66,341,2013441,16.936
2001,67,288,1850485,15.563
2001,68,316,1852792,17.055
2001,69,310,1833245,16.91
2001,70,298,1817859,16.393
2001,71,256,1844676,13.878
2001,72,247,1743767,14.165
2001,73,214,1733630,12.344
2001,74,186,1682014,11.058
2001,75,187,1610892,11.608
2001,76,191,1589103,12.019
2001,77,154,1503097,10.246
2001,78,151,1405933,10.74
2001,79,133,1346388,9.878
2001,80,101,1254832,8.049
2001,81,83,1154138,7.192
2001,82,79,993071,7.955
2001,83,68,927192,7.334
2001,84,57,808972,7.046
2002,16,3,4126961,Unreliable
2002,17,10,4148590,Unreliable
2002,18,5,4084316,Unreliable
2002,19,12,4152627,Unreliable
2002,20,11,4158896,Unreliable
2002,21,10,4182678,Unreliable
2002,22,13,4145736,Unreliable
2002,23,19,3936927,Unreliable
2002,24,19,3819528,Unreliable
2002,25,15,3779169,Unreliable
2002,26,25,3669915,0.681
2002,27,39,3791713,1.029
2002,28,33,3682001,0.896
2002,29,48,3768542,1.274
2002,30,58,3994164,1.452
2002,31,67,4210913,1.591
2002,32,100,4330977,2.309
2002,33,91,4095531,2.222
2002,34,125,4026721,3.104
2002,35,157,4050190,3.876
2002,36,170,4168398,4.078
2002,37,236,4459389,5.292
2002,38,312,4538848,6.874
2002,39,316,4534393,6.969
2002,40,402,4551912,8.831
2002,41,437,4610846,9.478
2002,42,506,4699196,10.768
2002,43,525,4515522,11.627
2002,44,575,4511955,12.744
2002,45,561,4461379,12.575
2002,46,639,4301101,14.857
2002,47,617,4330110,14.249
2002,48,764,4143330,18.439
2002,49,740,4016368,18.425
2002,50,703,3881009,18.114
2002,51,665,3797199,17.513
2002,52,735,3785188,19.418
2002,53,661,3650409,18.108
2002,54,663,3626101,18.284
2002,55,676,3788111,17.845
2002,56,539,2846712,18.934
2002,57,509,2833628,17.963
2002,58,505,2792832,18.082
2002,59,505,2881784,17.524
2002,60,475,2540735,18.695
2002,61,427,2370358,18.014
2002,62,435,2306156,18.863
2002,63,405,2195850,18.444
2002,64,412,2147166,19.188
2002,65,346,2025379,17.083
2002,66,330,1986541,16.612
2002,67,308,1986526,15.504
2002,68,291,1821142,15.979
2002,69,307,1818893,16.878
2002,70,272,1792760,15.172
2002,71,291,1782107,16.329
2002,72,247,1797946,13.738
2002,73,247,1697450,14.551
2002,74,196,1679791,11.668
2002,75,205,1620812,12.648
2002,76,164,1554475,10.55
2002,77,165,1522890,10.835
2002,78,154,1436185,10.723
2002,79,118,1336099,8.832
2002,80,103,1269310,8.115
2002,81,99,1180698,8.385
2002,82,76,1075053,7.069
2002,83,51,919945,5.544
2002,84,55,849397,6.475
2003,16,8,4139141,Unreliable
2003,17,7,4160313,Unreliable
2003,18,10,4201835,Unreliable
2003,19,22,4123223,0.534
2003,20,12,4156877,Unreliable
2003,21,19,4167554,Unreliable
2003,22,14,4175294,Unreliable
2003,23,18,4147777,Unreliable
2003,24,12,3944186,Unreliable
2003,25,19,3842468,Unreliable
2003,26,22,3771710,0.583
2003,27,32,3688646,0.868
2003,28,35,3794838,0.922
2003,29,59,3673923,1.606
2003,30,66,3813536,1.731
2003,31,54,3973726,1.359
2003,32,86,4245067,2.026
2003,33,111,4337299,2.559
2003,34,112,4102582,2.73
2003,35,149,4042650,3.686
2003,36,179,4051962,4.418
2003,37,228,4165007,5.474
2003,38,251,4462051,5.625
2003,39,337,4542489,7.419
2003,40,354,4529389,7.816
2003,41,445,4556844,9.766
2003,42,486,4606465,10.55
2003,43,555,4699388,11.81
2003,44,588,4497961,13.073
2003,45,592,4499971,13.156
2003,46,726,4462427,16.269
2003,47,704,4300483,16.37
2003,48,710,4317939,16.443
2003,49,740,4141856,17.866
2003,50,740,3998812,18.505
2003,51,757,3886144,19.479
2003,52,710,3782009,18.773
2003,53,677,3783390,17.894
2003,54,707,3646923,19.386
2003,55,704,3601691,19.546
2003,56,657,3785668,17.355
2003,57,502,2831596,17.729
2003,58,504,2821608,17.862
2003,59,524,2773994,18.89
2003,60,557,2849408,19.548
2003,61,445,2534959,17.555
2003,62,448,2352131,19.047
2003,63,400,2289143,17.474
2003,64,427,2168747,19.689
2003,65,371,2125962,17.451
2003,66,353,1999916,17.651
2003,67,323,1961151,16.47
2003,68,309,1955990,15.798
2003,69,285,1787777,15.942
2003,70,255,1777336,14.347
2003,71,255,1760292,14.486
2003,72,244,1736351,14.052
2003,73,212,1751589,12.103
2003,74,164,1644551,9.972
2003,75,205,1617308,12.675
2003,76,146,1567629,9.313
2003,77,143,1489790,9.599
2003,78,140,1456995,9.609
2003,79,136,1366120,9.955
2003,80,122,1259724,9.685
2003,81,101,1196760,8.439
2003,82,72,1100969,6.54
2003,83,65,997727,6.515
2003,84,53,843416,6.284
2004,16,9,4213762,Unreliable
2004,17,6,4167308,Unreliable
2004,18,10,4214061,Unreliable
2004,19,10,4242558,Unreliable
2004,20,15,4131771,Unreliable
2004,21,22,4180191,0.526
2004,22,16,4173077,Unreliable
2004,23,16,4192674,Unreliable
2004,24,31,4167847,0.744
2004,25,39,3981519,0.98
2004,26,24,3838225,0.625
2004,27,30,3801676,0.789
2004,28,29,3697495,0.784
2004,29,53,3788140,1.399
2004,30,53,3737940,1.418
2004,31,72,3790984,1.899
2004,32,77,4023788,1.914
2004,33,97,4257394,2.278
2004,34,136,4349395,3.127
2004,35,144,4127056,3.489
2004,36,166,4048580,4.1
2004,37,189,4051890,4.664
2004,38,248,4174027,5.942
2004,39,313,4473096,6.997
2004,40,335,4540929,7.377
2004,41,435,4540376,9.581
2004,42,457,4555019,10.033
2004,43,495,4610120,10.737
2004,44,577,4679182,12.331
2004,45,583,4486566,12.994
2004,46,614,4506067,13.626
2004,47,703,4465196,15.744
2004,48,757,4287486,17.656
2004,49,765,4319947,17.709
2004,50,781,4121104,18.951
2004,51,735,4010062,18.329
2004,52,754,3868188,19.492
2004,53,746,3782872,19.72
2004,54,777,3782442,20.542
2004,55,652,3618001,18.021
2004,56,743,3603856,20.617
2004,57,656,3763702,17.43
2004,58,538,2819754,19.08
2004,59,520,2801863,18.559
2004,60,491,2739059,17.926
2004,61,512,2848602,17.974
2004,62,480,2515357,19.083
2004,63,437,2335553,18.711
2004,64,413,2259557,18.278
2004,65,385,2148431,17.92
2004,66,398,2098650,18.965
2004,67,339,1975087,17.164
2004,68,295,1930847,15.278
2004,69,273,1920414,14.216
2004,70,268,1744903,15.359
2004,71,276,1747347,15.795
2004,72,240,1713793,14.004
2004,73,221,1691931,13.062
2004,74,197,1696130,11.615
2004,75,189,1581121,11.954
2004,76,156,1566753,9.957
2004,77,173,1501866,11.519
2004,78,139,1425682,9.75
2004,79,135,1385977,9.74
2004,80,111,1286733,8.626
2004,81,85,1189534,7.146
2004,82,83,1115106,7.443
2004,83,64,1023151,6.255
2004,84,65,913980,7.112
2005,16,7,4308145,Unreliable
2005,17,6,4239509,Unreliable
2005,18,14,4225126,Unreliable
2005,19,12,4256465,Unreliable
2005,20,14,4241197,Unreliable
2005,21,23,4150658,0.554
2005,22,24,4176096,0.575
2005,23,22,4183656,0.526
2005,24,26,4208348,0.618
2005,25,31,4206096,0.737
2005,26,34,3966722,0.857
2005,27,45,3870040,1.163
2005,28,33,3805526,0.867
2005,29,52,3686326,1.411
2005,30,52,3866581,1.345
2005,31,60,3705594,1.619
2005,32,69,3848038,1.793
2005,33,69,4035045,1.71
2005,34,96,4268679,2.249
2005,35,143,4377057,3.267
2005,36,152,4130501,3.68
2005,37,193,4044933,4.771
2005,38,208,4060608,5.122
2005,39,284,4185554,6.785
2005,40,337,4470383,7.539
2005,41,370,4553968,8.125
2005,42,437,4537278,9.631
2005,43,553,4559728,12.128
2005,44,604,4585528,13.172
2005,45,593,4666734,12.707
2005,46,700,4496805,15.567
2005,47,717,4511695,15.892
2005,48,727,4449860,16.338
2005,49,789,4292077,18.383
2005,50,784,4295348,18.252
2005,51,780,4138594,18.847
2005,52,855,3989065,21.434
2005,53,750,3871906,19.37
2005,54,768,3783820,20.297
2005,55,789,3748247,21.05
2005,56,692,3625240,19.088
2005,57,728,3582008,20.324
2005,58,703,3748661,18.753
2005,59,507,2799064,18.113
2005,60,485,2763609,17.55
2005,61,554,2745139,20.181
2005,62,564,2827064,19.95
2005,63,464,2498812,18.569
2005,64,444,2303653,19.274
2005,65,416,2240858,18.564
2005,66,345,2121740,16.26
2005,67,333,2074635,16.051
2005,68,296,1945279,15.216
2005,69,266,1896115,14.029
2005,70,252,1873726,13.449
2005,71,230,1718367,13.385
2005,72,256,1700960,15.05
2005,73,231,1671512,13.82
2005,74,197,1638505,12.023
2005,75,174,1629763,10.676
2005,76,186,1535359,12.114
2005,77,147,1501643,9.789
2005,78,121,1439475,8.406
2005,79,118,1357369,8.693
2005,80,112,1305661,8.578
2005,81,98,1218283,8.044
2005,82,95,1109756,8.56
2005,83,80,1038431,7.704
2005,84,70,939062,7.454
2006,16,9,4502997,Unreliable
2006,17,7,4331493,Unreliable
2006,18,9,4301050,Unreliable
2006,19,21,4265654,0.492
2006,20,13,4248095,Unreliable
2006,21,26,4258790,0.611
2006,22,17,4141532,Unreliable
2006,23,19,4186427,Unreliable
2006,24,28,4201291,0.666
2006,25,29,4254643,0.682
2006,26,34,4186325,0.812
2006,27,51,4004498,1.274
2006,28,45,3874154,1.162
2006,29,53,3790391,1.398
2006,30,53,3779051,1.402
2006,31,73,3824265,1.909
2006,32,80,3772538,2.121
2006,33,90,3860165,2.332
2006,34,129,4049149,3.186
2006,35,166,4302604,3.858
2006,36,160,4380502,3.653
2006,37,192,4126573,4.653
2006,38,233,4056686,5.744
2006,39,216,4074868,5.301
2006,40,321,4184594,7.671
2006,41,388,4488189,8.645
2006,42,465,4552280,10.215
2006,43,518,4544742,11.398
2006,44,578,4532763,12.752
2006,45,618,4573546,13.512
2006,46,711,4682144,15.185
2006,47,679,4506142,15.068
2006,48,787,4495342,17.507
2006,49,776,4458112,17.406
2006,50,777,4264904,18.218
2006,51,768,4320192,17.777
2006,52,856,4114856,20.803
2006,53,835,3996095,20.895
2006,54,789,3874826,20.362
2006,55,783,3745012,20.908
2006,56,735,3760899,19.543
2006,57,707,3601973,19.628
2006,58,720,3568659,20.176
2006,59,690,3720317,18.547
2006,60,501,2757092,18.171
2006,61,488,2776869,17.574
2006,62,527,2725651,19.335
2006,63,520,2810202,18.504
2006,64,456,2463439,18.511
2006,65,403,2286008,17.629
2006,66,376,2213751,16.985
2006,67,301,2098690,14.342
2006,68,310,2044245,15.165
2006,69,272,1910507,14.237
2006,70,261,1848556,14.119
2006,71,245,1848947,13.251
2006,72,209,1672443,12.497
2006,73,227,1660842,13.668
2006,74,184,1619038,11.365
2006,75,175,1573506,11.122
2006,76,188,1587027,11.846
2006,77,171,1472328,11.614
2006,78,141,1441641,9.781
2006,79,136,1372532,9.909
2006,80,111,1278890,8.679
2006,81,95,1239927,7.662
2006,82,113,1138135,9.929
2006,83,75,1036784,7.234
2006,84,64,954381,6.706
2007,16,13,4452250,Unreliable
2007,17,9,4521045,Unreliable
2007,18,18,4394638,Unreliable
2007,19,13,4335388,Unreliable
2007,20,19,4242404,Unreliable
2007,21,27,4257371,0.634
2007,22,30,4236043,0.708
2007,23,28,4143940,0.676
2007,24,36,4198241,0.858
2007,25,38,4245572,0.895
2007,26,45,4222850,1.066
2007,27,59,4224395,1.397
2007,28,58,3999799,1.45
2007,29,64,3850082,1.662
2007,30,65,3894527,1.669
2007,31,81,3724612,2.175
2007,32,87,3899463,2.231
2007,33,91,3780927,2.407
2007,34,147,3871236,3.797
2007,35,134,4083733,3.281
2007,36,164,4302578,3.812
2007,37,201,4370533,4.599
2007,38,220,4136991,5.318
2007,39,282,4070056,6.929
2007,40,276,4071341,6.779
2007,41,353,4202260,8.4
2007,42,442,4485432,9.854
2007,43,478,4560505,10.481
2007,44,588,4512801,13.03
2007,45,678,4519792,15.001
2007,46,747,4591932,16.268
2007,47,710,4694196,15.125
2007,48,794,4487653,17.693
2007,49,779,4506188,17.287
2007,50,873,4426479,19.722
2007,51,903,4294933,21.025
2007,52,858,4292620,19.988
2007,53,843,4124978,20.436
2007,54,832,4001168,20.794
2007,55,798,3829701,20.837
2007,56,781,3761384,20.764
2007,57,774,3734883,20.724
2007,58,738,3588953,20.563
2007,59,703,3539851,19.86
2007,60,634,3659454,17.325
2007,61,560,2775802,20.174
2007,62,520,2757918,18.855
2007,63,547,2711325,20.175
2007,64,542,2769163,19.573
2007,65,428,2445756,17.5
2007,66,372,2257671,16.477
2007,67,368,2191327,16.793
2007,68,335,2068095,16.198
2007,69,299,2007386,14.895
2007,70,290,1860716,15.585
2007,71,264,1826784,14.452
2007,72,247,1798955,13.73
2007,73,203,1633722,12.426
2007,74,187,1608315,11.627
2007,75,188,1553097,12.105
2007,76,163,1535224,10.617
2007,77,180,1521903,11.827
2007,78,150,1414814,10.602
2007,79,145,1375325,10.543
2007,80,116,1292775,8.973
2007,81,92,1216593,7.562
2007,82,92,1158822,7.939
2007,83,73,1065220,6.853
2007,84,61,953666,6.396
2008,16,10,4411176,Unreliable
2008,17,5,4467060,Unreliable
2008,18,16,4588123,Unreliable
2008,19,15,4425539,Unreliable
2008,20,17,4302988,Unreliable
2008,21,24,4251950,0.564
2008,22,38,4232792,0.898
2008,23,34,4237432,0.802
2008,24,28,4155450,0.674
2008,25,39,4246210,0.918
2008,26,53,4206583,1.26
2008,27,54,4265165,1.266
2008,28,63,4215620,1.494
2008,29,70,3969090,1.764
2008,30,88,3970191,2.217
2008,31,86,3828094,2.247
2008,32,100,3807761,2.626
2008,33,110,3907253,2.815
2008,34,148,3791506,3.903
2008,35,140,3908041,3.582
2008,36,165,4083819,4.04
2008,37,221,4291673,5.15
2008,38,272,4382157,6.207
2008,39,282,4151773,6.792
2008,40,283,4065710,6.961
2008,41,338,4090091,8.264
2008,42,417,4199463,9.93
2008,43,503,4495218,11.19
2008,44,586,4524541,12.952
2008,45,593,4499251,13.18
2008,46,707,4541484,15.568
2008,47,796,4606123,17.281
2008,48,763,4672955,16.328
2008,49,858,4501160,19.062
2008,50,862,4471128,19.279
2008,51,886,4464006,19.848
2008,52,928,4264599,21.761
2008,53,932,4306809,21.64
2008,54,929,4132932,22.478
2008,55,889,3949524,22.509
2008,56,879,3850704,22.827
2008,57,786,3733201,21.054
2008,58,746,3722427,20.041
2008,59,695,3558712,19.53
2008,60,753,3476545,21.659
2008,61,690,3694987,18.674
2008,62,540,2757325,19.584
2008,63,571,2744863,20.802
2008,64,531,2668775,19.897
2008,65,475,2751913,17.261
2008,66,430,2416007,17.798
2008,67,369,2235669,16.505
2008,68,360,2160024,16.666
2008,69,303,2030734,14.921
2008,70,297,1953328,15.205
2008,71,244,1841560,13.25
2008,72,240,1776463,13.51
2008,73,213,1758650,12.112
2008,74,213,1581331,13.47
2008,75,181,1541027,11.745
2008,76,146,1518327,9.616
2008,77,163,1472006,11.073
2008,78,149,1464084,10.177
2008,79,120,1350299,8.887
2008,80,122,1294601,9.424
2008,81,115,1232307,9.332
2008,82,91,1136851,8.005
2008,83,77,1086404,7.088
2008,84,66,980196,6.733
2009,16,6,4365338,Unreliable
2009,17,12,4421341,Unreliable
2009,18,16,4534634,Unreliable
2009,19,14,4611590,Unreliable
2009,20,11,4383628,Unreliable
2009,21,33,4307414,0.766
2009,22,23,4217667,0.545
2009,23,37,4230115,0.875
2009,24,30,4245298,0.707
2009,25,48,4204602,1.142
2009,26,45,4197922,1.072
2009,27,68,4250014,1.6
2009,28,51,4250613,1.2
2009,29,72,4175077,1.725
2009,30,87,4104133,2.12
2009,31,82,3890200,2.108
2009,32,106,3921281,2.703
2009,33,86,3813001,2.255
2009,34,107,3916499,2.732
2009,35,180,3829432,4.7
2009,36,161,3905615,4.122
2009,37,200,4071181,4.913
2009,38,246,4304006,5.716
2009,39,304,4397562,6.913
2009,40,313,4145183,7.551
2009,41,365,4085265,8.935
2009,42,391,4085849,9.57
2009,43,449,4209233,10.667
2009,44,532,4454485,11.943
2009,45,657,4509265,14.57
2009,46,676,4523596,14.944
2009,47,752,4557336,16.501
2009,48,811,4582655,17.697
2009,49,836,4689393,17.827
2009,50,892,4462192,19.99
2009,51,962,4514833,21.308
2009,52,955,4429228,21.561
2009,53,960,4281465,22.422
2009,54,890,4317125,20.616
2009,55,949,4074019,23.294
2009,56,836,3975863,21.027
2009,57,886,3819855,23.195
2009,58,812,3721219,21.821
2009,59,823,3689647,22.306
2009,60,708,3489302,20.291
2009,61,644,3517588,18.308
2009,62,663,3673134,18.05
2009,63,536,2745716,19.521
2009,64,524,2699257,19.413
2009,65,493,2653345,18.58
2009,66,453,2719454,16.658
2009,67,385,2394376,16.079
2009,68,352,2204229,15.969
2009,69,325,2120973,15.323
2009,70,293,1974076,14.842
2009,71,268,1936308,13.841
2009,72,212,1790136,11.843
2009,73,220,1737897,12.659
2009,74,208,1702305,12.219
2009,75,184,1513301,12.159
2009,76,142,1510000,9.404
2009,77,152,1455744,10.441
2009,78,141,1417539,9.947
2009,79,148,1398480,10.583
2009,80,98,1270444,7.714
2009,81,100,1236769,8.086
2009,82,90,1152248,7.811
2009,83,76,1067638,7.119
2009,84,63,1000612,6.296
2010,16,6,4316139,Unreliable
2010,17,11,4395295,Unreliable
2010,18,12,4500855,Unreliable
2010,19,8,4585234,Unreliable
2010,20,14,4519129,Unreliable
2010,21,22,4354294,0.505
2010,22,21,4264642,0.492
2010,23,22,4198571,0.524
2010,24,35,4249363,0.824
2010,25,45,4262350,1.056
2010,26,41,4152305,0.987
2010,27,65,4248869,1.53
2010,28,67,4215249,1.589
2010,29,85,4223076,2.013
2010,30,96,4285668,2.24
2010,31,99,3970218,2.494
2010,32,121,3986847,3.035
2010,33,134,3880150,3.453
2010,34,146,3839216,3.803
2010,35,172,3956434,4.347
2010,36,173,3802087,4.55
2010,37,206,3934445,5.236
2010,38,246,4121880,5.968
2010,39,276,4364796,6.323
2010,40,270,4383274,6.16
2010,41,366,4114985,8.894
2010,42,384,4076104,9.421
2010,43,424,4105105,10.329
2010,44,559,4211496,13.273
2010,45,656,4508868,14.549
2010,46,709,4519761,15.687
2010,47,784,4535265,17.287
2010,48,806,4538796,17.758
2010,49,880,4605901,19.106
2010,50,936,4660295,20.085
2010,51,965,4464631,21.614
2010,52,956,4500846,21.24
2010,53,972,4380354,22.19
2010,54,948,4291999,22.088
2010,55,914,4254709,21.482
2010,56,929,4037513,23.009
2010,57,934,3936386,23.727
2010,58,906,3794928,23.874
2010,59,878,3641269,24.112
2010,60,728,3621131,20.104
2010,61,733,3492596,20.987
2010,62,727,3563182,20.403
2010,63,713,3483884,20.466
2010,64,524,2657131,19.721
2010,65,522,2680761,19.472
2010,66,498,2639141,18.87
2010,67,444,2649365,16.759
2010,68,397,2323672,17.085
2010,69,332,2142324,15.497
2010,70,320,2043121,15.662
2010,71,249,1949323,12.774
2010,72,248,1864275,13.303
2010,73,221,1736960,12.723
2010,74,189,1684487,11.22
2010,75,175,1620077,10.802
2010,76,178,1471070,12.1
2010,77,169,1455330,11.612
2010,78,123,1400123,8.785
2010,79,139,1371195,10.137
2010,80,133,1308511,10.164
2010,81,102,1212865,8.41
2010,82,89,1161421,7.663
2010,83,71,1074809,6.606
2010,84,71,985721,7.203
2011,16,2,4245479,Unreliable
2011,17,4,4330851,Unreliable
2011,18,5,4396167,Unreliable
2011,19,19,4514710,Unreliable
2011,20,12,4596113,Unreliable
2011,21,26,4592336,0.566
2011,22,32,4411032,0.725
2011,23,31,4311760,0.719
2011,24,41,4242591,0.966
2011,25,42,4267827,0.984
2011,26,55,4311255,1.276
2011,27,65,4181448,1.554
2011,28,76,4255686,1.786
2011,29,90,4263578,2.111
2011,30,97,4224516,2.296
2011,31,94,4317087,2.177
2011,32,113,4052694,2.788
2011,33,125,3976037,3.144
2011,34,136,3940370,3.451
2011,35,166,3827920,4.337
2011,36,168,3952699,4.25
2011,37,178,3833451,4.643
2011,38,235,3898503,6.028
2011,39,259,4081736,6.345
2011,40,330,4323778,7.632
2011,41,356,4384253,8.12
2011,42,435,4159664,10.458
2011,43,436,4078100,10.691
2011,44,507,4087850,12.403
2011,45,558,4170798,13.379
2011,46,674,4428601,15.219
2011,47,759,4517819,16.8
2011,48,820,4521355,18.136
2011,49,977,4519432,21.618
2011,50,994,4581833,21.694
2011,51,1012,4626453,21.874
2011,52,971,4478180,21.683
2011,53,1018,4458125,22.835
2011,54,1084,4415607,24.549
2011,55,1026,4263989,24.062
2011,56,1032,4232520,24.383
2011,57,999,4066089,24.569
2011,58,972,3918566,24.805
2011,59,855,3774384,22.653
2011,60,843,3664521,23.004
2011,61,778,3584377,21.705
2011,62,749,3487302,21.478
2011,63,710,3459297,20.524
2011,64,692,3611095,19.163
2011,65,493,2672909,18.444
2011,66,423,2643148,16.004
2011,67,468,2584544,18.108
2011,68,433,2652309,16.325
2011,69,339,2320878,14.607
2011,70,273,2129501,12.82
2011,71,280,2022340,13.845
2011,72,275,1911624,14.386
2011,73,231,1839285,12.559
2011,74,211,1705200,12.374
2011,75,192,1638322,11.719
2011,76,177,1580914,11.196
2011,77,160,1430790,11.183
2011,78,119,1394574,8.533
2011,79,129,1344087,9.598
2011,80,139,1293211,10.748
2011,81,120,1253347,9.574
2011,82,83,1145240,7.247
2011,83,86,1087100,7.911
2011,84,65,1007645,6.451
2012,16,3,4174274,Unreliable
2012,17,4,4265702,Unreliable
2012,18,17,4354017,Unreliable
2012,19,10,4422695,Unreliable
2012,20,15,4543774,Unreliable
2012,21,16,4627509,Unreliable
2012,22,26,4623739,0.562
2012,23,31,4443539,0.698
2012,24,36,4344642,0.829
2012,25,36,4275138,0.842
2012,26,67,4298788,1.559
2012,27,74,4339574,1.705
2012,28,82,4206614,1.949
2012,29,108,4278212,2.524
2012,30,100,4283410,2.335
2012,31,126,4242178,2.97
2012,32,133,4332058,3.07
2012,33,132,4065562,3.247
2012,34,152,3987787,3.812
2012,35,163,3950567,4.126
2012,36,179,3836469,4.666
2012,37,194,3959492,4.9
2012,38,197,3839004,5.132
2012,39,245,3902667,6.278
2012,40,312,4084481,7.639
2012,41,330,4324963,7.63
2012,42,382,4384022,8.713
2012,43,478,4158551,11.494
2012,44,499,4076204,12.242
2012,45,547,4084512,13.392
2012,46,643,4165735,15.435
2012,47,699,4421347,15.81
2012,48,890,4508318,19.741
2012,49,904,4509567,20.046
2012,50,989,4505608,21.95
2012,51,1057,4566251,23.148
2012,52,1036,4609523,22.475
2012,53,1056,4459925,23.678
2012,54,1037,4437952,23.367
2012,55,1088,4393250,24.765
2012,56,1075,4240395,25.351
2012,57,1004,4207605,23.862
2012,58,1036,4040118,25.643
2012,59,993,3891149,25.519
2012,60,880,3745489,23.495
2012,61,867,3635456,23.848
2012,62,811,3554439,22.817
2012,63,782,3454687,22.636
2012,64,763,3423614,22.286
2012,65,658,3570839,18.427
2012,66,455,2640984,17.228
2012,67,483,2609069,18.512
2012,68,443,2546946,17.393
2012,69,388,2609515,14.869
2012,70,331,2279580,14.52
2012,71,280,2088076,13.409
2012,72,272,1979898,13.738
2012,73,242,1867571,12.958
2012,74,242,1792914,13.498
2012,75,222,1657855,13.391
2012,76,200,1588005,12.594
2012,77,164,1527795,10.734
2012,78,154,1377972,11.176
2012,79,161,1337956,12.033
2012,80,120,1283660,9.348
2012,81,98,1228420,7.978
2012,82,88,1184179,7.431
2012,83,75,1074693,6.979
2012,84,82,1012099,8.102
2013,16,3,4158116,Unreliable
2013,17,5,4191188,Unreliable
2013,18,15,4285609,Unreliable
2013,19,10,4376606,Unreliable
2013,20,7,4445721,Unreliable
2013,21,23,4568663,0.503
2013,22,23,4655731,0.494
2013,23,19,4652806,Unreliable
2013,24,39,4472517,0.872
2013,25,45,4372201,1.029
2013,26,72,4300520,1.674
2013,27,71,4322247,1.643
2013,28,97,4360245,2.225
2013,29,94,4224985,2.225
2013,30,129,4294831,3.004
2013,31,112,4297330,2.606
2013,32,165,4254331,3.878
2013,33,142,4342738,3.27
2013,34,164,4075159,4.024
2013,35,204,3996723,5.104
2013,36,193,3957642,4.877
2013,37,243,3842679,6.324
2013,38,257,3964301,6.483
2013,39,261,3842425,6.793
2013,40,291,3904767,7.452
2013,41,320,4084927,7.834
2013,42,411,4323573,9.506
2013,43,441,4380926,10.066
2013,44,510,4154727,12.275
2013,45,571,4070408,14.028
2013,46,601,4076903,14.742
2013,47,650,4156273,15.639
2013,48,773,4409800,17.529
2013,49,881,4494922,19.6
2013,50,1006,4494482,22.383
2013,51,1008,4489236,22.454
2013,52,1127,4547907,24.781
2013,53,1140,4589261,24.841
2013,54,1057,4438340,23.815
2013,55,1154,4415162,26.137
2013,56,1180,4369543,27.005
2013,57,1129,4215577,26.782
2013,58,1081,4181408,25.853
2013,59,954,4012740,23.774
2013,60,1001,3862796,25.914
2013,61,937,3715993,25.215
2013,62,871,3603520,24.171
2013,63,821,3519231,23.329
2013,64,806,3420461,23.564
2013,65,695,3391067,20.495
2013,66,672,3534440,19.013
2013,67,491,2604610,18.851
2013,68,413,2569911,16.071
2013,69,415,2508689,16.543
2013,70,379,2569502,14.75
2013,71,334,2238499,14.921
2013,72,279,2044846,13.644
2013,73,268,1934570,13.853
2013,74,239,1820632,13.127
2013,75,245,1743415,14.053
2013,76,187,1607329,11.634
2013,77,172,1534778,11.207
2013,78,170,1471162,11.555
2013,79,129,1321197,9.764
2013,80,129,1277377,10.099
2013,81,107,1219160,8.777
2013,82,92,1160321,7.929
2013,83,84,1111120,7.56
2013,84,74,1000660,7.395
2014,16,2,4167234,Unreliable
2014,17,6,4184706,Unreliable
2014,18,11,4225590,Unreliable
2014,19,13,4326394,Unreliable
2014,20,9,4418887,Unreliable
2014,21,17,4489746,Unreliable
2014,22,22,4612322,0.477
2014,23,26,4698584,0.553
2014,24,37,4692635,0.788
2014,25,63,4509594,1.397
2014,26,59,4406472,1.339
2014,27,82,4332545,1.893
2014,28,111,4351851,2.551
2014,29,116,4387476,2.644
2014,30,119,4250780,2.799
2014,31,164,4318706,3.797
2014,32,146,4320072,3.38
2014,33,180,4276113,4.209
2014,34,197,4362895,4.515
2014,35,206,4094039,5.032
2014,36,189,4014413,4.708
2014,37,249,3974190,6.265
2014,38,238,3859181,6.167
2014,39,292,3979827,7.337
2014,40,308,3856888,7.986
2014,41,386,3917413,9.853
2014,42,420,4095929,10.254
2014,43,468,4332491,10.802
2014,44,503,4388762,11.461
2014,45,538,4161450,12.928
2014,46,572,4076237,14.033
2014,47,691,4082150,16.927
2014,48,764,4158996,18.37
2014,49,871,4409209,19.754
2014,50,936,4491431,20.84
2014,51,1036,4488666,23.08
2014,52,1159,4480175,25.87
2014,53,1087,4535748,23.965
2014,54,1226,4574789,26.799
2014,55,1194,4421625,27.004
2014,56,1247,4395471,28.37
2014,57,1229,4347179,28.271
2014,58,1169,4191757,27.888
2014,59,1081,4155417,26.014
2014,60,1044,3985367,26.196
2014,61,1077,3834428,28.088
2014,62,916,3685822,24.852
2014,63,954,3572379,26.705
2014,64,849,3488136,24.34
2014,65,759,3384449,22.426
2014,66,702,3347776,20.969
2014,67,659,3485502,18.907
2014,68,475,2572527,18.464
2014,69,451,2535012,17.791
2014,70,404,2466485,16.38
2014,71,394,2519748,15.636
2014,72,280,2194234,12.761
2014,73,282,2002191,14.085
2014,74,250,1890366,13.225
2014,75,221,1774697,12.453
2014,76,217,1694648,12.805
2014,77,204,1557239,13.1
2014,78,160,1481505,10.8
2014,79,133,1414235,9.404
2014,80,120,1264072,9.493
2014,81,106,1216009,8.717
2014,82,105,1153634,9.102
2014,83,89,1090465,8.162
2014,84,79,1036186,7.624
2015,16,5,4184296,Unreliable
2015,17,5,4194286,Unreliable
2015,18,10,4217995,Unreliable
2015,19,10,4262584,Unreliable
2015,20,17,4363440,Unreliable
2015,21,10,4456790,Unreliable
2015,22,21,4529472,0.464
2015,23,26,4652266,0.559
2015,24,51,4737345,1.077
2015,25,53,4729564,1.121
2015,26,66,4544416,1.452
2015,27,85,4439766,1.915
2015,28,114,4364669,2.612
2015,29,136,4383139,3.103
2015,30,137,4417209,3.102
2015,31,188,4278233,4.394
2015,32,205,4343614,4.72
2015,33,219,4341754,5.044
2015,34,215,4294838,5.006
2015,35,259,4379404,5.914
2015,36,253,4108775,6.158
2015,37,271,4028403,6.727
2015,38,296,3987141,7.424
2015,39,315,3870862,8.138
2015,40,325,3989839,8.146
2015,41,381,3865228,9.857
2015,42,431,3924258,10.983
2015,43,476,4100708,11.608
2015,44,536,4335165,12.364
2015,45,629,4389345,14.33
2015,46,673,4160573,16.176
2015,47,673,4073685,16.521
2015,48,769,4077689,18.859
2015,49,908,4152552,21.866
2015,50,995,4400288,22.612
2015,51,1057,4479664,23.596
2015,52,1179,4474344,26.35
2015,53,1176,4463494,26.347
2015,54,1261,4516527,27.92
2015,55,1257,4553385,27.606
2015,56,1233,4399120,28.028
2015,57,1267,4371245,28.985
2015,58,1312,4320522,30.367
2015,59,1200,4163670,28.821
2015,60,1150,4125792,27.873
2015,61,1044,3954601,26.4
2015,62,1082,3801935,28.459
2015,63,1047,3651393,28.674
2015,64,953,3536156,26.95
2015,65,842,3450043,24.405
2015,66,724,3344134,21.65
2015,67,687,3304187,20.792
2015,68,655,3436357,19.061
2015,69,496,2532747,19.583
2015,70,448,2492490,17.974
2015,71,380,2421191,15.695
2015,72,408,2469605,16.521
2015,73,308,2146052,14.352
2015,74,307,1953711,15.714
2015,75,220,1839823,11.958
2015,76,232,1722041,13.472
2015,77,212,1639085,12.934
2015,78,188,1500813,12.527
2015,79,153,1422071,10.759
2015,80,144,1351196,10.657
2015,81,129,1201044,10.741
2015,82,90,1148948,7.833
2015,83,91,1082562,8.406
2015,84,98,1015591,9.65
2016,16,6,4265224,Unreliable
2016,17,2,4205001,Unreliable
2016,18,7,4219303,Unreliable
2016,19,11,4243480,Unreliable
2016,20,9,4286221,Unreliable
2016,21,19,4386854,Unreliable
2016,22,21,4480904,0.469
2016,23,41,4552952,0.901
2016,24,39,4674097,0.834
2016,25,54,4758352,1.135
2016,26,87,4747254,1.833
2016,27,99,4559206,2.171
2016,28,120,4451507,2.696
2016,29,140,4374565,3.2
2016,30,174,4392155,3.962
2016,31,192,4423807,4.34
2016,32,221,4283076,5.16
2016,33,229,4345786,5.269
2016,34,275,4341535,6.334
2016,35,272,4293125,6.336
2016,36,270,4375562,6.171
2016,37,317,4103498,7.725
2016,38,351,4022119,8.727
2016,39,321,3979601,8.066
2016,40,340,3862150,8.803
2016,41,397,3979596,9.976
2016,42,422,3854553,10.948
2016,43,495,3912307,12.652
2016,44,534,4087645,13.064
2016,45,609,4319616,14.098
2016,46,680,4371961,15.554
2016,47,683,4142964,16.486
2016,48,731,4055074,18.027
2016,49,826,4058008,20.355
2016,50,954,4131293,23.092
2016,51,1035,4375892,23.652
2016,52,1097,4452636,24.637
2016,53,1262,4445605,28.388
2016,54,1292,4433630,29.141
2016,55,1280,4484565,28.542
2016,56,1350,4518758,29.875
2016,57,1331,4362807,30.508
2016,58,1298,4332953,29.956
2016,59,1320,4281025,30.834
2016,60,1258,4123968,30.505
2016,61,1231,4083962,30.142
2016,62,1159,3911429,29.631
2016,63,1112,3757382,29.595
2016,64,976,3606295,27.064
2016,65,910,3490890,26.068
2016,66,810,3403647,23.798
2016,67,754,3295266,22.881
2016,68,664,3251936,20.419
2016,69,655,3378344,19.388
2016,70,464,2487211,18.655
2016,71,435,2445650,17.787
2016,72,406,2371252,17.122
2016,73,419,2413647,17.36
2016,74,305,2092487,14.576
2016,75,284,1900211,14.946
2016,76,236,1784266,13.227
2016,77,224,1664566,13.457
2016,78,181,1578915,11.464
2016,79,163,1439937,11.32
2016,80,159,1358260,11.706
2016,81,128,1284298,9.967
2016,82,128,1135109,11.276
2016,83,101,1079082,9.36
2016,84,77,1008890,7.632
2017,16,1,4222691,Unreliable
2017,17,4,4296575,Unreliable
2017,18,10,4241226,Unreliable
2017,19,14,4256608,Unreliable
2017,20,9,4276745,Unreliable
2017,21,14,4318304,Unreliable
2017,22,15,4420763,Unreliable
2017,23,26,4515308,0.576
2017,24,40,4587515,0.872
2017,25,50,4708854,1.062
2017,26,65,4794326,1.356
2017,27,94,4784135,1.965
2017,28,113,4595406,2.459
2017,29,132,4487739,2.941
2017,30,159,4410631,3.605
2017,31,193,4425408,4.361
2017,32,230,4453718,5.164
2017,33,248,4310977,5.753
2017,34,264,4371478,6.039
2017,35,322,4364947,7.377
2017,36,292,4313987,6.769
2017,37,337,4394351,7.669
2017,38,350,4120468,8.494
2017,39,371,4038244,9.187
2017,40,368,3994423,9.213
2017,41,415,3875738,10.708
2017,42,484,3990700,12.128
2017,43,433,3863455,11.208
2017,44,487,3919057,12.426
2017,45,633,4091579,15.471
2017,46,717,4320583,16.595
2017,47,791,4370964,18.097
2017,48,795,4140010,19.203
2017,49,826,4050722,20.391
2017,50,910,4051078,22.463
2017,51,983,4121394,23.851
2017,52,1074,4363205,24.615
2017,53,1242,4437426,27.989
2017,54,1263,4427991,28.523
2017,55,1371,4413266,31.065
2017,56,1396,4461346,31.291
2017,57,1351,4493573,30.065
2017,58,1309,4335891,30.19
2017,59,1268,4303880,29.462
2017,60,1329,4249921,31.271
2017,61,1211,4091662,29.597
2017,62,1197,4050159,29.554
2017,63,1191,3875907,30.728
2017,64,1072,3720053,28.817
2017,65,954,3567978,26.738
2017,66,899,3451069,26.05
2017,67,764,3361747,22.726
2017,68,671,3251249,20.638
2017,69,668,3204338,20.847
2017,70,632,3324662,19.009
2017,71,475,2443843,19.437
2017,72,381,2399286,15.88
2017,73,394,2321473,16.972
2017,74,378,2357801,16.032
2017,75,272,2039236,13.338
2017,76,245,1847158,13.264
2017,77,215,1729114,12.434
2017,78,227,1607240,14.124
2017,79,154,1518513,10.142
2017,80,150,1378494,10.881
2017,81,143,1293831,11.052
2017,82,115,1216640,9.452
2017,83,103,1068110,9.643
2017,84,90,1008215,8.927
2018,16,4,4130744,Unreliable
2018,17,1,4241936,Unreliable
2018,18,5,4319722,Unreliable
2018,19,12,4263601,Unreliable
2018,20,10,4273822,Unreliable
2018,21,16,4292514,Unreliable
2018,22,20,4334743,0.461
2018,23,20,4438724,0.451
2018,24,37,4533776,0.816
2018,25,42,4606281,0.912
2018,26,75,4728714,1.586
2018,27,105,4813980,2.181
2018,28,124,4801711,2.582
2018,29,148,4611070,3.21
2018,30,169,4501282,3.754
2018,31,213,4421549,4.817
2018,32,241,4433749,5.436
2018,33,263,4461246,5.895
2018,34,295,4318192,6.832
2018,35,315,4376401,7.198
2018,36,346,4366923,7.923
2018,37,360,4313086,8.347
2018,38,373,4391406,8.494
2018,39,408,4115771,9.913
2018,40,456,4031314,11.311
2018,41,454,3986156,11.389
2018,42,428,3866067,11.071
2018,43,496,3979609,12.464
2018,44,511,3851155,13.269
2018,45,606,3904041,15.522
2018,46,640,4074459,15.708
2018,47,788,4301318,18.32
2018,48,836,4349714,19.22
2018,49,874,4117603,21.226
2018,50,867,4026474,21.532
2018,51,959,4025069,23.826
2018,52,1006,4094079,24.572
2018,53,1111,4333375,25.638
2018,54,1305,4405567,29.622
2018,55,1362,4393983,30.997
2018,56,1431,4377130,32.693
2018,57,1475,4422810,33.35
2018,58,1446,4453038,32.472
2018,59,1407,4294024,32.766
2018,60,1304,4259361,30.615
2018,61,1255,4202894,29.86
2018,62,1243,4043396,30.741
2018,63,1255,4000235,31.373
2018,64,1124,3825765,29.38
2018,65,1042,3669600,28.395
2018,66,1007,3516436,28.637
2018,67,872,3398755,25.656
2018,68,715,3307833,21.615
2018,69,682,3194269,21.351
2018,70,617,3144466,19.622
2018,71,647,3260552,19.843
2018,72,417,2392283,17.431
2018,73,388,2344633,16.548
2018,74,380,2263489,16.788
2018,75,369,2293604,16.088
2018,76,314,1978012,15.875
2018,77,246,1786181,13.772
2018,78,205,1666402,12.302
2018,79,183,1542867,11.861
2018,80,163,1451583,11.229
2018,81,123,1311488,9.379
2018,82,107,1224165,8.741
2018,83,105,1143669,9.181
2018,84,99,996403,9.936
2019,16,2,4150420,Unreliable
2019,17,5,4142425,Unreliable
2019,18,17,4255827,Unreliable
2019,19,11,4330439,Unreliable
2019,20,8,4269683,Unreliable
2019,21,20,4278323,0.467
2019,22,26,4298772,0.605
2019,23,25,4341644,0.576
2019,24,48,4444518,1.08
2019,25,46,4539058,1.013
2019,26,87,4611220,1.887
2019,27,124,4733869,2.619
2019,28,129,4818725,2.677
2019,29,161,4806144,3.35
2019,30,220,4614384,4.768
2019,31,231,4502311,5.131
2019,32,252,4421505,5.699
2019,33,325,4432973,7.331
2019,34,343,4460132,7.69
2019,35,331,4315866,7.669
2019,36,399,4372444,9.125
2019,37,408,4361286,9.355
2019,38,452,4305576,10.498
2019,39,462,4382349,10.542
2019,40,527,4105313,12.837
2019,41,496,4020254,12.338
2019,42,471,3974741,11.85
2019,43,511,3854040,13.259
2019,44,557,3967275,14.04
2019,45,578,3837909,15.06
2019,46,662,3889372,17.021
2019,47,751,4058038,18.506
2019,48,825,4282657,19.264
2019,49,879,4329775,20.301
2019,50,1005,4096572,24.533
2019,51,921,4004343,23
2019,52,1037,4001782,25.913
2019,53,1130,4068851,27.772
2019,54,1216,4305603,28.242
2019,55,1372,4374565,31.363
2019,56,1497,4361016,34.327
2019,57,1491,4342385,34.336
2019,58,1388,4385570,31.649
2019,59,1442,4413855,32.67
2019,60,1427,4252663,33.555
2019,61,1370,4215172,32.502
2019,62,1361,4156645,32.743
2019,63,1276,3996088,31.931
2019,64,1190,3950578,30.122
2019,65,1101,3774597,29.169
2019,66,1018,3618069,28.137
2019,67,904,3464437,26.094
2019,68,709,3345475,21.193
2019,69,740,3252423,22.752
2019,70,617,3136704,19.67
2019,71,595,3083083,19.299
2019,72,601,3191048,18.834
2019,73,434,2334433,18.591
2019,74,358,2283164,15.68
2019,75,348,2198286,15.831
2019,76,327,2222392,14.714
2019,77,277,1911261,14.493
2019,78,232,1720817,13.482
2019,79,188,1599909,11.751
2019,80,168,1475278,11.388
2019,81,152,1381641,11.001
2019,82,114,1241341,9.184
2019,83,120,1151190,10.424
2019,84,94,1067757,8.804
2020,16,3,4187874,Unreliable
2020,17,3,4164893,Unreliable
2020,18,9,4159857,Unreliable
2020,19,9,4272385,Unreliable
2020,20,13,4344572,Unreliable
2020,21,19,4283150,Unreliable
2020,22,27,4293020,0.629
2020,23,39,4315220,0.904
2020,24,60,4358793,1.377
2020,25,68,4461006,1.524
2020,26,118,4555511,2.59
2020,27,147,4628618,3.176
2020,28,197,4751001,4.146
2020,29,257,4835107,5.315
2020,30,288,4821081,5.974
2020,31,346,4627340,7.477
2020,32,391,4514736,8.661
2020,33,437,4432699,9.859
2020,34,496,4442547,11.165
2020,35,523,4466747,11.709
2020,36,593,4319361,13.729
2020,37,659,4374441,15.065
2020,38,638,4362662,14.624
2020,39,645,4305093,14.982
2020,40,748,4378957,17.082
2020,41,745,4100150,18.17
2020,42,709,4014287,17.662
2020,43,732,3967810,18.448
2020,44,752,3846684,19.549
2020,45,784,3957972,19.808
2020,46,778,3826694,20.331
2020,47,895,3876923,23.085
2020,48,956,4043448,23.643
2020,49,1095,4265569,25.671
2020,50,1182,4310670,27.42
2020,51,1292,4076434,31.694
2020,52,1245,3983727,31.252
2020,53,1337,3979962,33.593
2020,54,1524,4044734,37.679
2020,55,1593,4277856,37.238
2020,56,1661,4343881,38.238
2020,57,1791,4327862,41.383
2020,58,1720,4306615,39.939
2020,59,1812,4346885,41.685
2020,60,1693,4372095,38.723
2020,61,1681,4208976,39.938
2020,62,1614,4168433,38.72
2020,63,1597,4106492,38.89
2020,64,1517,3944582,38.458
2020,65,1346,3897420,34.536
2020,66,1265,3720410,34.002
2020,67,1120,3562236,31.441
2020,68,1005,3407082,29.497
2020,69,892,3286519,27.141
2020,70,772,3192029,24.185
2020,71,702,3074732,22.831
2020,72,648,3017173,21.477
2020,73,606,3117385,19.439
2020,74,468,2274412,20.577
2020,75,416,2219565,18.742
2020,76,354,2130427,16.616
2020,77,344,2147097,16.022
2020,78,267,1839828,14.512
2020,79,228,1649916,13.819
2020,80,191,1526957,12.509
2020,81,155,1400392,11.068
2020,82,152,1303809,11.658
2020,83,132,1163249,11.348
2020,84,122,1070307,11.399